press_peak,press_mean,press_std,press_rms,press_energy,press_dom_freq,press_centroid,press_bandwidth,press_power,release_peak,release_mean,release_std,release_rms,release_energy,release_dom_freq,release_centroid,release_bandwidth,release_power
32768.0,10.89096450805664,6634.05615234375,6634.06494140625,289811234816.0,73.66742596810934,6284.704146651448,5055.642718354738,954204562653184.0,0.14931972789115647,0.0,0.924608051776886,0.05148063781321185,-0.24461542069911957,5.279504776000977,965878208.0,32434.0,-8.778867721557617,4287.56103515625,4287.5693359375,108736937984.0,74.55621301775147,7015.274070246903,5312.727056237743,321590843670528.0,0.13412698412698412,0.0,0.9001042246818542,0.051901944209636515,-0.039366234093904495,2.487525463104248,954676800.0,0.0
32767.0,12.356080055236816,6206.60693359375,6206.61865234375,269269598208.0,75.70815450643777,7821.4262094978785,5343.218291152016,941098872602624.0,0.15850340136054422,0.0,0.8196423053741455,0.05278969957081545,0.25613632798194885,3.7834630012512207,1374552960.0,28222.0,-2.2925169467926025,5087.46435546875,5087.46484375,152187928576.0,75.0,6379.07804816913,5306.869071936406,447432680800256.0,0.13333333333333333,0.0,0.7283250689506531,0.04812925170068027,0.025654468685388565,2.1346044540405273,198891008.0,1.0
32768.0,28.869400024414062,7776.9658203125,7777.01953125,383456083968.0,76.51419558359622,6626.661030665389,5193.766052496044,1215571039354880.0,0.1437641723356009,0.0,0.9528170228004456,0.0555205047318612,0.17889554798603058,3.1106691360473633,1099412992.0,32768.0,27.464466094970703,6038.365234375,6038.427734375,187782447104.0,77.06796116504854,5766.281750054507,5293.423456066209,483549731880960.0,0.11678004535147392,0.0,0.8834642171859741,0.06466019417475728,-0.9191911816596985,12.690254211425781,517381184.0,2.0
